hs_code,commodity,forecast_date,horizon_month,forecast_import_usd_m,lower_80,upper_80,model,historical_12m_import_usd_m
8471,Automatic Data Processing Machines,2026-07-01,1,34768.32,34386.58,35150.06,"ARIMA(1,1,1)",138787.06
8471,Automatic Data Processing Machines,2026-08-01,2,34670.31,33865.74,35474.89,"ARIMA(1,1,1)",138787.06
8471,Automatic Data Processing Machines,2026-09-01,3,34648.03,33525.84,35770.22,"ARIMA(1,1,1)",138787.06
8471,Automatic Data Processing Machines,2026-10-01,4,34642.96,33265.32,36020.6,"ARIMA(1,1,1)",138787.06
8471,Automatic Data Processing Machines,2026-11-01,5,34641.81,33047.26,36236.36,"ARIMA(1,1,1)",138787.06
8471,Automatic Data Processing Machines,2026-12-01,6,34641.55,32855.86,36427.24,"ARIMA(1,1,1)",138787.06
8471,Automatic Data Processing Machines,2027-01-01,7,34641.49,32683.14,36599.84,"ARIMA(1,1,1)",138787.06
8471,Automatic Data Processing Machines,2027-02-01,8,34641.48,32524.49,36758.46,"ARIMA(1,1,1)",138787.06
8471,Automatic Data Processing Machines,2027-03-01,9,34641.47,32376.94,36906.01,"ARIMA(1,1,1)",138787.06
8471,Automatic Data Processing Machines,2027-04-01,10,34641.47,32238.42,37044.52,"ARIMA(1,1,1)",138787.06
8471,Automatic Data Processing Machines,2027-05-01,11,34641.47,32107.47,37175.47,"ARIMA(1,1,1)",138787.06
8471,Automatic Data Processing Machines,2027-06-01,12,34641.47,31982.96,37299.98,"ARIMA(1,1,1)",138787.06
8471,Automatic Data Processing Machines,2026-07-01,1,6025.85,4712.9,7338.8,"ARIMA(1,1,1)-exports",138787.06
8471,Automatic Data Processing Machines,2026-08-01,2,5966.05,3607.69,8324.42,"ARIMA(1,1,1)-exports",138787.06
8471,Automatic Data Processing Machines,2026-09-01,3,5986.8,3057.99,8915.6,"ARIMA(1,1,1)-exports",138787.06
8471,Automatic Data Processing Machines,2026-10-01,4,5979.6,2534.53,9424.67,"ARIMA(1,1,1)-exports",138787.06
8471,Automatic Data Processing Machines,2026-11-01,5,5982.1,2101.05,9863.14,"ARIMA(1,1,1)-exports",138787.06
8471,Automatic Data Processing Machines,2026-12-01,6,5981.23,1704.56,10257.9,"ARIMA(1,1,1)-exports",138787.06
8471,Automatic Data Processing Machines,2027-01-01,7,5981.53,1344.11,10618.95,"ARIMA(1,1,1)-exports",138787.06
8471,Automatic Data Processing Machines,2027-02-01,8,5981.43,1008.96,10953.9,"ARIMA(1,1,1)-exports",138787.06
8471,Automatic Data Processing Machines,2027-03-01,9,5981.46,695.27,11267.66,"ARIMA(1,1,1)-exports",138787.06
8471,Automatic Data Processing Machines,2027-04-01,10,5981.45,399.09,11563.81,"ARIMA(1,1,1)-exports",138787.06
8471,Automatic Data Processing Machines,2027-05-01,11,5981.46,117.88,11845.03,"ARIMA(1,1,1)-exports",138787.06
8471,Automatic Data Processing Machines,2027-06-01,12,5981.45,0.0,12113.36,"ARIMA(1,1,1)-exports",138787.06
8517,Telephone Sets & Network Equipment,2026-07-01,1,16977.84,15696.03,18259.66,"ARIMA(1,1,1)",62225.12
8517,Telephone Sets & Network Equipment,2026-08-01,2,17173.94,15214.71,19133.17,"ARIMA(1,1,1)",62225.12
8517,Telephone Sets & Network Equipment,2026-09-01,3,17025.9,14657.02,19394.78,"ARIMA(1,1,1)",62225.12
8517,Telephone Sets & Network Equipment,2026-10-01,4,17137.66,14362.69,19912.63,"ARIMA(1,1,1)",62225.12
8517,Telephone Sets & Network Equipment,2026-11-01,5,17053.29,13963.13,20143.45,"ARIMA(1,1,1)",62225.12
8517,Telephone Sets & Network Equipment,2026-12-01,6,17116.98,13714.32,20519.64,"ARIMA(1,1,1)",62225.12
8517,Telephone Sets & Network Equipment,2027-01-01,7,17068.9,13398.7,20739.1,"ARIMA(1,1,1)",62225.12
8517,Telephone Sets & Network Equipment,2027-02-01,8,17105.2,13172.58,21037.82,"ARIMA(1,1,1)",62225.12
8517,Telephone Sets & Network Equipment,2027-03-01,9,17077.8,12908.53,21247.06,"ARIMA(1,1,1)",62225.12
8517,Telephone Sets & Network Equipment,2027-04-01,10,17098.48,12698.63,21498.34,"ARIMA(1,1,1)",62225.12
8517,Telephone Sets & Network Equipment,2027-05-01,11,17082.87,12468.72,21697.01,"ARIMA(1,1,1)",62225.12
8517,Telephone Sets & Network Equipment,2027-06-01,12,17094.66,12272.27,21917.04,"ARIMA(1,1,1)",62225.12
8517,Telephone Sets & Network Equipment,2026-07-01,1,4667.26,4420.32,4914.19,"ARIMA(1,1,1)-exports",62225.12
8517,Telephone Sets & Network Equipment,2026-08-01,2,4657.28,4235.02,5079.54,"ARIMA(1,1,1)-exports",62225.12
8517,Telephone Sets & Network Equipment,2026-09-01,3,4661.83,4144.21,5179.44,"ARIMA(1,1,1)-exports",62225.12
8517,Telephone Sets & Network Equipment,2026-10-01,4,4659.75,4051.68,5267.83,"ARIMA(1,1,1)-exports",62225.12
8517,Telephone Sets & Network Equipment,2026-11-01,5,4660.7,3978.11,5343.29,"ARIMA(1,1,1)-exports",62225.12
8517,Telephone Sets & Network Equipment,2026-12-01,6,4660.27,3908.83,5411.71,"ARIMA(1,1,1)-exports",62225.12
8517,Telephone Sets & Network Equipment,2027-01-01,7,4660.46,3846.69,5474.24,"ARIMA(1,1,1)-exports",62225.12
8517,Telephone Sets & Network Equipment,2027-02-01,8,4660.37,3788.41,5532.34,"ARIMA(1,1,1)-exports",62225.12
8517,Telephone Sets & Network Equipment,2027-03-01,9,4660.41,3734.03,5586.79,"ARIMA(1,1,1)-exports",62225.12
8517,Telephone Sets & Network Equipment,2027-04-01,10,4660.4,3682.57,5638.22,"ARIMA(1,1,1)-exports",62225.12
8517,Telephone Sets & Network Equipment,2027-05-01,11,4660.4,3633.73,5687.08,"ARIMA(1,1,1)-exports",62225.12
8517,Telephone Sets & Network Equipment,2027-06-01,12,4660.4,3587.09,5733.71,"ARIMA(1,1,1)-exports",62225.12
8703,Motor Cars & Vehicles,2026-07-01,1,15045.22,14679.04,15411.4,"ARIMA(1,1,1)",61591.2
8703,Motor Cars & Vehicles,2026-08-01,2,15161.0,14801.32,15520.67,"ARIMA(1,1,1)",61591.2
8703,Motor Cars & Vehicles,2026-09-01,3,15122.51,14754.55,15490.47,"ARIMA(1,1,1)",61591.2
8703,Motor Cars & Vehicles,2026-10-01,4,15135.3,14769.33,15501.27,"ARIMA(1,1,1)",61591.2
8703,Motor Cars & Vehicles,2026-11-01,5,15131.05,14764.27,15497.83,"ARIMA(1,1,1)",61591.2
8703,Motor Cars & Vehicles,2026-12-01,6,15132.46,14765.86,15499.06,"ARIMA(1,1,1)",61591.2
8703,Motor Cars & Vehicles,2027-01-01,7,15131.99,14765.25,15498.74,"ARIMA(1,1,1)",61591.2
8703,Motor Cars & Vehicles,2027-02-01,8,15132.15,14765.38,15498.92,"ARIMA(1,1,1)",61591.2
8703,Motor Cars & Vehicles,2027-03-01,9,15132.1,14765.26,15498.94,"ARIMA(1,1,1)",61591.2
8703,Motor Cars & Vehicles,2027-04-01,10,15132.12,14765.22,15499.01,"ARIMA(1,1,1)",61591.2
8703,Motor Cars & Vehicles,2027-05-01,11,15132.11,14765.15,15499.07,"ARIMA(1,1,1)",61591.2
8703,Motor Cars & Vehicles,2027-06-01,12,15132.11,14765.09,15499.13,"ARIMA(1,1,1)",61591.2
8703,Motor Cars & Vehicles,2026-07-01,1,4337.03,4070.38,4603.67,"ARIMA(1,1,1)-exports",61591.2
8703,Motor Cars & Vehicles,2026-08-01,2,4340.83,4065.07,4616.59,"ARIMA(1,1,1)-exports",61591.2
8703,Motor Cars & Vehicles,2026-09-01,3,4338.61,4040.19,4637.02,"ARIMA(1,1,1)-exports",61591.2
8703,Motor Cars & Vehicles,2026-10-01,4,4339.91,4045.15,4634.66,"ARIMA(1,1,1)-exports",61591.2
8703,Motor Cars & Vehicles,2026-11-01,5,4339.15,4039.13,4639.16,"ARIMA(1,1,1)-exports",61591.2
8703,Motor Cars & Vehicles,2026-12-01,6,4339.59,4041.57,4637.61,"ARIMA(1,1,1)-exports",61591.2
8703,Motor Cars & Vehicles,2027-01-01,7,4339.33,4039.78,4638.88,"ARIMA(1,1,1)-exports",61591.2
8703,Motor Cars & Vehicles,2027-02-01,8,4339.48,4040.7,4638.27,"ARIMA(1,1,1)-exports",61591.2
8703,Motor Cars & Vehicles,2027-03-01,9,4339.39,4040.12,4638.67,"ARIMA(1,1,1)-exports",61591.2
8703,Motor Cars & Vehicles,2027-04-01,10,4339.45,4040.44,4638.45,"ARIMA(1,1,1)-exports",61591.2
8703,Motor Cars & Vehicles,2027-05-01,11,4339.42,4040.25,4638.58,"ARIMA(1,1,1)-exports",61591.2
8703,Motor Cars & Vehicles,2027-06-01,12,4339.43,4040.36,4638.51,"ARIMA(1,1,1)-exports",61591.2
2709,Crude Petroleum Oils,2026-07-01,1,14938.14,14100.4,15775.88,"ARIMA(1,1,1)",56420.01
2709,Crude Petroleum Oils,2026-08-01,2,14952.49,13566.49,16338.49,"ARIMA(1,1,1)",56420.01
2709,Crude Petroleum Oils,2026-09-01,3,14959.85,13099.5,16820.21,"ARIMA(1,1,1)",56420.01
2709,Crude Petroleum Oils,2026-10-01,4,14963.64,12687.68,17239.59,"ARIMA(1,1,1)",56420.01
2709,Crude Petroleum Oils,2026-11-01,5,14965.58,12320.81,17610.35,"ARIMA(1,1,1)",56420.01
2709,Crude Petroleum Oils,2026-12-01,6,14966.57,11990.03,17943.12,"ARIMA(1,1,1)",56420.01
2709,Crude Petroleum Oils,2027-01-01,7,14967.08,11688.23,18245.94,"ARIMA(1,1,1)",56420.01
2709,Crude Petroleum Oils,2027-02-01,8,14967.35,11409.91,18524.78,"ARIMA(1,1,1)",56420.01
2709,Crude Petroleum Oils,2027-03-01,9,14967.48,11150.85,18784.12,"ARIMA(1,1,1)",56420.01
2709,Crude Petroleum Oils,2027-04-01,10,14967.55,10907.79,19027.31,"ARIMA(1,1,1)",56420.01
2709,Crude Petroleum Oils,2027-05-01,11,14967.59,10678.25,19256.92,"ARIMA(1,1,1)",56420.01
2709,Crude Petroleum Oils,2027-06-01,12,14967.6,10460.27,19474.94,"ARIMA(1,1,1)",56420.01
2709,Crude Petroleum Oils,2026-07-01,1,9624.92,5091.49,14158.35,"ARIMA(1,1,1)-exports",56420.01
2709,Crude Petroleum Oils,2026-08-01,2,8419.41,0.0,17304.88,"ARIMA(1,1,1)-exports",56420.01
2709,Crude Petroleum Oils,2026-09-01,3,8055.36,0.0,20407.65,"ARIMA(1,1,1)-exports",56420.01
2709,Crude Petroleum Oils,2026-10-01,4,7945.42,0.0,23149.1,"ARIMA(1,1,1)-exports",56420.01
2709,Crude Petroleum Oils,2026-11-01,5,7912.22,0.0,25554.48,"ARIMA(1,1,1)-exports",56420.01
2709,Crude Petroleum Oils,2026-12-01,6,7902.2,0.0,27696.39,"ARIMA(1,1,1)-exports",56420.01
2709,Crude Petroleum Oils,2027-01-01,7,7899.17,0.0,29636.49,"ARIMA(1,1,1)-exports",56420.01
2709,Crude Petroleum Oils,2027-02-01,8,7898.25,0.0,31419.61,"ARIMA(1,1,1)-exports",56420.01
2709,Crude Petroleum Oils,2027-03-01,9,7897.98,0.0,33077.54,"ARIMA(1,1,1)-exports",56420.01
2709,Crude Petroleum Oils,2027-04-01,10,7897.89,0.0,34633.09,"ARIMA(1,1,1)-exports",56420.01
2709,Crude Petroleum Oils,2027-05-01,11,7897.87,0.0,36103.04,"ARIMA(1,1,1)-exports",56420.01
2709,Crude Petroleum Oils,2027-06-01,12,7897.86,0.0,37500.11,"ARIMA(1,1,1)-exports",56420.01
8708,Motor Vehicle Parts,2026-07-01,1,7281.38,7182.08,7380.68,"ARIMA(1,1,1)",28832.12
8708,Motor Vehicle Parts,2026-08-01,2,6964.73,6842.55,7086.91,"ARIMA(1,1,1)",28832.12
8708,Motor Vehicle Parts,2026-09-01,3,7281.34,7123.9,7438.78,"ARIMA(1,1,1)",28832.12
8708,Motor Vehicle Parts,2026-10-01,4,6964.77,6791.99,7137.56,"ARIMA(1,1,1)",28832.12
8708,Motor Vehicle Parts,2026-11-01,5,7281.3,7082.02,7480.59,"ARIMA(1,1,1)",28832.12
8708,Motor Vehicle Parts,2026-12-01,6,6964.81,6753.19,7176.43,"ARIMA(1,1,1)",28832.12
8708,Motor Vehicle Parts,2027-01-01,7,7281.26,7047.51,7515.02,"ARIMA(1,1,1)",28832.12
8708,Motor Vehicle Parts,2027-02-01,8,6964.85,6720.5,7209.2,"ARIMA(1,1,1)",28832.12
8708,Motor Vehicle Parts,2027-03-01,9,7281.22,7017.47,7544.98,"ARIMA(1,1,1)",28832.12
8708,Motor Vehicle Parts,2027-04-01,10,6964.89,6691.69,7238.09,"ARIMA(1,1,1)",28832.12
8708,Motor Vehicle Parts,2027-05-01,11,7281.18,6990.51,7571.86,"ARIMA(1,1,1)",28832.12
8708,Motor Vehicle Parts,2027-06-01,12,6964.93,6665.66,7264.2,"ARIMA(1,1,1)",28832.12
8708,Motor Vehicle Parts,2026-07-01,1,4304.71,4092.86,4516.56,"ARIMA(1,1,1)-exports",28832.12
8708,Motor Vehicle Parts,2026-08-01,2,4070.32,3805.68,4334.95,"ARIMA(1,1,1)-exports",28832.12
8708,Motor Vehicle Parts,2026-09-01,3,4304.68,3965.69,4643.66,"ARIMA(1,1,1)-exports",28832.12
8708,Motor Vehicle Parts,2026-10-01,4,4070.35,3696.1,4444.61,"ARIMA(1,1,1)-exports",28832.12
8708,Motor Vehicle Parts,2026-11-01,5,4304.64,3874.59,4734.68,"ARIMA(1,1,1)-exports",28832.12
8708,Motor Vehicle Parts,2026-12-01,6,4070.39,3612.03,4528.76,"ARIMA(1,1,1)-exports",28832.12
8708,Motor Vehicle Parts,2027-01-01,7,4304.6,3799.65,4809.55,"ARIMA(1,1,1)-exports",28832.12
8708,Motor Vehicle Parts,2027-02-01,8,4070.43,3541.15,4599.7,"ARIMA(1,1,1)-exports",28832.12
8708,Motor Vehicle Parts,2027-03-01,9,4304.56,3734.47,4874.65,"ARIMA(1,1,1)-exports",28832.12
8708,Motor Vehicle Parts,2027-04-01,10,4070.47,3478.72,4662.21,"ARIMA(1,1,1)-exports",28832.12
8708,Motor Vehicle Parts,2027-05-01,11,4304.52,3676.01,4933.04,"ARIMA(1,1,1)-exports",28832.12
8708,Motor Vehicle Parts,2027-06-01,12,4070.5,3422.28,4718.73,"ARIMA(1,1,1)-exports",28832.12
3004,Medicaments Packaged,2026-07-01,1,6825.27,6356.43,7294.11,"ARIMA(1,1,1)",26486.95
3004,Medicaments Packaged,2026-08-01,2,6829.24,6072.14,7586.34,"ARIMA(1,1,1)",26486.95
3004,Medicaments Packaged,2026-09-01,3,6831.58,5821.57,7841.59,"ARIMA(1,1,1)",26486.95
3004,Medicaments Packaged,2026-10-01,4,6832.96,5597.12,8068.81,"ARIMA(1,1,1)",26486.95
3004,Medicaments Packaged,2026-11-01,5,6833.78,5394.39,8273.16,"ARIMA(1,1,1)",26486.95
3004,Medicaments Packaged,2026-12-01,6,6834.26,5209.77,8458.75,"ARIMA(1,1,1)",26486.95
3004,Medicaments Packaged,2027-01-01,7,6834.54,5040.2,8628.88,"ARIMA(1,1,1)",26486.95
3004,Medicaments Packaged,2027-02-01,8,6834.71,4883.19,8786.22,"ARIMA(1,1,1)",26486.95
3004,Medicaments Packaged,2027-03-01,9,6834.81,4736.72,8932.89,"ARIMA(1,1,1)",26486.95
3004,Medicaments Packaged,2027-04-01,10,6834.86,4599.17,9070.56,"ARIMA(1,1,1)",26486.95
3004,Medicaments Packaged,2027-05-01,11,6834.9,4469.23,9200.56,"ARIMA(1,1,1)",26486.95
3004,Medicaments Packaged,2027-06-01,12,6834.92,4345.86,9323.97,"ARIMA(1,1,1)",26486.95
3004,Medicaments Packaged,2026-07-01,1,2787.76,2663.27,2912.25,"ARIMA(1,1,1)-exports",26486.95
3004,Medicaments Packaged,2026-08-01,2,2514.19,2360.99,2667.39,"ARIMA(1,1,1)-exports",26486.95
3004,Medicaments Packaged,2026-09-01,3,2787.72,2590.32,2985.13,"ARIMA(1,1,1)-exports",26486.95
3004,Medicaments Packaged,2026-10-01,4,2514.22,2297.56,2730.89,"ARIMA(1,1,1)-exports",26486.95
3004,Medicaments Packaged,2026-11-01,5,2787.69,2537.81,3037.57,"ARIMA(1,1,1)-exports",26486.95
3004,Medicaments Packaged,2026-12-01,6,2514.26,2248.9,2779.62,"ARIMA(1,1,1)-exports",26486.95
3004,Medicaments Packaged,2027-01-01,7,2787.66,2494.55,3080.76,"ARIMA(1,1,1)-exports",26486.95
3004,Medicaments Packaged,2027-02-01,8,2514.29,2207.88,2820.7,"ARIMA(1,1,1)-exports",26486.95
3004,Medicaments Packaged,2027-03-01,9,2787.62,2456.9,3118.35,"ARIMA(1,1,1)-exports",26486.95
3004,Medicaments Packaged,2027-04-01,10,2514.33,2171.75,2856.9,"ARIMA(1,1,1)-exports",26486.95
3004,Medicaments Packaged,2027-05-01,11,2787.59,2423.1,3152.08,"ARIMA(1,1,1)-exports",26486.95
3004,Medicaments Packaged,2027-06-01,12,2514.36,2139.09,2889.63,"ARIMA(1,1,1)-exports",26486.95
8542,Electronic Integrated Circuits,2026-07-01,1,4822.2,4385.8,5258.59,"ARIMA(1,1,1)",18580.57
8542,Electronic Integrated Circuits,2026-08-01,2,4848.59,4330.68,5366.51,"ARIMA(1,1,1)",18580.57
8542,Electronic Integrated Circuits,2026-09-01,3,4845.12,4246.78,5443.46,"ARIMA(1,1,1)",18580.57
8542,Electronic Integrated Circuits,2026-10-01,4,4845.58,4177.62,5513.53,"ARIMA(1,1,1)",18580.57
8542,Electronic Integrated Circuits,2026-11-01,5,4845.52,4114.4,5576.64,"ARIMA(1,1,1)",18580.57
8542,Electronic Integrated Circuits,2026-12-01,6,4845.53,4056.3,5634.75,"ARIMA(1,1,1)",18580.57
8542,Electronic Integrated Circuits,2027-01-01,7,4845.52,4002.19,5688.86,"ARIMA(1,1,1)",18580.57
8542,Electronic Integrated Circuits,2027-02-01,8,4845.52,3951.35,5739.7,"ARIMA(1,1,1)",18580.57
8542,Electronic Integrated Circuits,2027-03-01,9,4845.52,3903.24,5787.81,"ARIMA(1,1,1)",18580.57
8542,Electronic Integrated Circuits,2027-04-01,10,4845.52,3857.48,5833.57,"ARIMA(1,1,1)",18580.57
8542,Electronic Integrated Circuits,2027-05-01,11,4845.52,3813.74,5877.31,"ARIMA(1,1,1)",18580.57
8542,Electronic Integrated Circuits,2027-06-01,12,4845.52,3771.78,5919.27,"ARIMA(1,1,1)",18580.57
8542,Electronic Integrated Circuits,2026-07-01,1,4560.21,4299.49,4820.92,"ARIMA(1,1,1)-exports",18580.57
8542,Electronic Integrated Circuits,2026-08-01,2,4570.83,4308.87,4832.79,"ARIMA(1,1,1)-exports",18580.57
8542,Electronic Integrated Circuits,2026-09-01,3,4565.77,4290.47,4841.07,"ARIMA(1,1,1)-exports",18580.57
8542,Electronic Integrated Circuits,2026-10-01,4,4568.18,4296.02,4840.34,"ARIMA(1,1,1)-exports",18580.57
8542,Electronic Integrated Circuits,2026-11-01,5,4567.03,4292.68,4841.39,"ARIMA(1,1,1)-exports",18580.57
8542,Electronic Integrated Circuits,2026-12-01,6,4567.58,4294.11,4841.05,"ARIMA(1,1,1)-exports",18580.57
8542,Electronic Integrated Circuits,2027-01-01,7,4567.32,4293.39,4841.25,"ARIMA(1,1,1)-exports",18580.57
8542,Electronic Integrated Circuits,2027-02-01,8,4567.44,4293.72,4841.17,"ARIMA(1,1,1)-exports",18580.57
8542,Electronic Integrated Circuits,2027-03-01,9,4567.39,4293.56,4841.21,"ARIMA(1,1,1)-exports",18580.57
8542,Electronic Integrated Circuits,2027-04-01,10,4567.41,4293.64,4841.19,"ARIMA(1,1,1)-exports",18580.57
8542,Electronic Integrated Circuits,2027-05-01,11,4567.4,4293.6,4841.2,"ARIMA(1,1,1)-exports",18580.57
8542,Electronic Integrated Circuits,2027-06-01,12,4567.41,4293.62,4841.19,"ARIMA(1,1,1)-exports",18580.57
2711,Petroleum Gases,2026-07-01,1,889.0,579.05,1198.95,"ARIMA(1,1,1)",3684.68
2711,Petroleum Gases,2026-08-01,2,877.51,265.21,1489.81,"ARIMA(1,1,1)",3684.68
2711,Petroleum Gases,2026-09-01,3,878.61,83.39,1673.83,"ARIMA(1,1,1)",3684.68
2711,Petroleum Gases,2026-10-01,4,878.5,0.0,1822.88,"ARIMA(1,1,1)",3684.68
2711,Petroleum Gases,2026-11-01,5,878.51,0.0,1951.41,"ARIMA(1,1,1)",3684.68
2711,Petroleum Gases,2026-12-01,6,878.51,0.0,2066.12,"ARIMA(1,1,1)",3684.68
2711,Petroleum Gases,2027-01-01,7,878.51,0.0,2170.68,"ARIMA(1,1,1)",3684.68
2711,Petroleum Gases,2027-02-01,8,878.51,0.0,2267.4,"ARIMA(1,1,1)",3684.68
2711,Petroleum Gases,2027-03-01,9,878.51,0.0,2357.8,"ARIMA(1,1,1)",3684.68
2711,Petroleum Gases,2027-04-01,10,878.51,0.0,2442.99,"ARIMA(1,1,1)",3684.68
2711,Petroleum Gases,2027-05-01,11,878.51,0.0,2523.77,"ARIMA(1,1,1)",3684.68
2711,Petroleum Gases,2027-06-01,12,878.51,0.0,2600.77,"ARIMA(1,1,1)",3684.68
2711,Petroleum Gases,2026-07-01,1,7929.07,7268.81,8589.33,"ARIMA(1,1,1)-exports",3684.68
2711,Petroleum Gases,2026-08-01,2,7884.52,6695.8,9073.23,"ARIMA(1,1,1)-exports",3684.68
2711,Petroleum Gases,2026-09-01,3,7899.32,6420.08,9378.56,"ARIMA(1,1,1)-exports",3684.68
2711,Petroleum Gases,2026-10-01,4,7894.4,6154.32,9634.49,"ARIMA(1,1,1)-exports",3684.68
2711,Petroleum Gases,2026-11-01,5,7896.04,5934.94,9857.13,"ARIMA(1,1,1)-exports",3684.68
2711,Petroleum Gases,2026-12-01,6,7895.49,5734.22,10056.77,"ARIMA(1,1,1)-exports",3684.68
2711,Petroleum Gases,2027-01-01,7,7895.67,5551.77,10239.58,"ARIMA(1,1,1)-exports",3684.68
2711,Petroleum Gases,2027-02-01,8,7895.61,5382.15,10409.08,"ARIMA(1,1,1)-exports",3684.68
2711,Petroleum Gases,2027-03-01,9,7895.63,5223.4,10567.87,"ARIMA(1,1,1)-exports",3684.68
2711,Petroleum Gases,2027-04-01,10,7895.63,5073.52,10717.73,"ARIMA(1,1,1)-exports",3684.68
2711,Petroleum Gases,2027-05-01,11,7895.63,4931.23,10860.03,"ARIMA(1,1,1)-exports",3684.68
2711,Petroleum Gases,2027-06-01,12,7895.63,4795.46,10995.8,"ARIMA(1,1,1)-exports",3684.68
