section,narrative,generated_at_utc
Executive Overview,"Trade Flow Intelligence Agent run completed at 2026-08-09 17:49 UTC. Ingested 8 dataset sources (4 live API, 4 synthetic/fallback). Analysis covers country×commodity trade flows, port congestion, tariff exposure, anomaly detection, ARIMA forecasts, behavioral clustering, and composite supply-chain risk scores.",2026-08-09 17:49 UTC
Data Quality Assessment,"Primary analytics use a unified monthly trade table with normalized HS4 codes and country names. Where Census/BEA/BTS API keys or endpoints were unavailable, deterministic synthetic series preserving realistic seasonality, shocks, and supplier concentration patterns were used. Live keys (CENSUS_API_KEY, BEA_API_KEY) will upgrade ingestion on subsequent runs.",2026-08-09 17:49 UTC
Anomaly Findings,Detected 0 statistical anomalies (|z|≥2.5) in monthly import values. No anomalies exceeded the configured threshold.,2026-08-09 17:49 UTC
Supply Chain & Geopolitical Risk,"6 critical commodities score Elevated/Critical on the composite risk index. Top exposures: Electronic Integrated Circuits (supplier=TOTAL FOR ALL COUNTRIES, share=18.62%, risk=67.6); Crude Petroleum Oils (supplier=TOTAL FOR ALL COUNTRIES, share=16.35%, risk=65.0); Petroleum Gases (supplier=TOTAL FOR ALL COUNTRIES, share=14.45%, risk=64.9); Medicaments Packaged (supplier=TOTAL FOR ALL COUNTRIES, share=18.38%, risk=61.5); Telephone Sets & Network Equipment (supplier=TOTAL FOR ALL COUNTRIES, share=19.79%, risk=61.5). Geopolitical flags highlight reliance on high-watchlist partners for semiconductors, critical minerals, and energy-related flows.",2026-08-09 17:49 UTC
Port Congestion Bottlenecks,West Coast gateways show elevated congestion in the latest 3-month window. No ports exceeded the bottleneck threshold.,2026-08-09 17:49 UTC
Forecast Outlook,"ARIMA(1,1,1) 12-month import/export forecasts were produced for the top 8 commodities by trailing-12-month import value. Policymakers should monitor forecast bands for crude petroleum, electronics, and medicaments where confidence intervals widen under recent volatility.",2026-08-09 17:49 UTC
Emerging Trade Opportunities,Commodities with the strongest projected import demand growth (proxy for market opportunity / sourcing need): Telephone Sets & Network Equipment (1.9%); Crude Petroleum Oils (1.2%); Medicaments Packaged (1.0%); Petroleum Gases (0.7%); Automatic Data Processing Machines (0.3%). Export-side clusters with diversified partners present near-term commercial expansion potential.,2026-08-09 17:49 UTC
Clustering Interpretation,"K-means identified 5 country clusters and 5 commodity clusters based on 12-month import profiles. Clusters separate high-tech East Asian suppliers, North American nearshoring partners, and commodity/energy exporters — useful for differentiated trade and industrial-policy targeting.",2026-08-09 17:49 UTC
Tariff Sensitivity,"8 commodities are flagged tariff-sensitive (effective duty ≥10%). Combined Section 301 and MFN exposure raises landed-cost risk for electronics, batteries, and selected industrial inputs — relevant for duty mitigation and FTA utilization.",2026-08-09 17:49 UTC
Next Iteration Plan,1) Attach live Census & BEA API keys for production freshness. 2) Incorporate real ITC HTS extracts and BTS port AIS dwell metrics. 3) Extend forecasts with Prophet/LSTM ensembles and scenario stress tests. 4) Add firm-level bill-of-materials dependency for critical minerals. 5) Schedule weekly autonomous refresh with anomaly alerting.,2026-08-09 17:49 UTC
