indicator,area_or_country,Frequency,year,TimeSeriesId,TimeSeriesDescription,year,CL_UNIT,UNIT_MULT,value,NoteRef,requested_indicator
ExpGds,AllCountries,A,1960,TSI_ItaExpGds_A,Exports of goods; annual,1960,USD,6,19650,,ExpGds
ExpGds,AllCountries,A,1961,TSI_ItaExpGds_A,Exports of goods; annual,1961,USD,6,20108,,ExpGds
ExpGds,AllCountries,A,1962,TSI_ItaExpGds_A,Exports of goods; annual,1962,USD,6,20781,,ExpGds
ExpGds,AllCountries,A,1963,TSI_ItaExpGds_A,Exports of goods; annual,1963,USD,6,22272,,ExpGds
ExpGds,AllCountries,A,1964,TSI_ItaExpGds_A,Exports of goods; annual,1964,USD,6,25501,,ExpGds
ExpGds,AllCountries,A,1965,TSI_ItaExpGds_A,Exports of goods; annual,1965,USD,6,26461,,ExpGds
ExpGds,AllCountries,A,1966,TSI_ItaExpGds_A,Exports of goods; annual,1966,USD,6,29310,,ExpGds
ExpGds,AllCountries,A,1967,TSI_ItaExpGds_A,Exports of goods; annual,1967,USD,6,30666,,ExpGds
ExpGds,AllCountries,A,1968,TSI_ItaExpGds_A,Exports of goods; annual,1968,USD,6,33626,,ExpGds
ExpGds,AllCountries,A,1969,TSI_ItaExpGds_A,Exports of goods; annual,1969,USD,6,36414,,ExpGds
ExpGds,AllCountries,A,1970,TSI_ItaExpGds_A,Exports of goods; annual,1970,USD,6,42469,,ExpGds
ExpGds,AllCountries,A,1971,TSI_ItaExpGds_A,Exports of goods; annual,1971,USD,6,43319,,ExpGds
ExpGds,AllCountries,A,1972,TSI_ItaExpGds_A,Exports of goods; annual,1972,USD,6,49381,,ExpGds
ExpGds,AllCountries,A,1973,TSI_ItaExpGds_A,Exports of goods; annual,1973,USD,6,71410,,ExpGds
ExpGds,AllCountries,A,1974,TSI_ItaExpGds_A,Exports of goods; annual,1974,USD,6,98306,,ExpGds
ExpGds,AllCountries,A,1975,TSI_ItaExpGds_A,Exports of goods; annual,1975,USD,6,107088,,ExpGds
ExpGds,AllCountries,A,1976,TSI_ItaExpGds_A,Exports of goods; annual,1976,USD,6,114745,,ExpGds
ExpGds,AllCountries,A,1977,TSI_ItaExpGds_A,Exports of goods; annual,1977,USD,6,120816,,ExpGds
ExpGds,AllCountries,A,1978,TSI_ItaExpGds_A,Exports of goods; annual,1978,USD,6,142075,,ExpGds
ExpGds,AllCountries,A,1979,TSI_ItaExpGds_A,Exports of goods; annual,1979,USD,6,184439,,ExpGds
ExpGds,AllCountries,A,1980,TSI_ItaExpGds_A,Exports of goods; annual,1980,USD,6,224250,,ExpGds
ExpGds,AllCountries,A,1981,TSI_ItaExpGds_A,Exports of goods; annual,1981,USD,6,237044,,ExpGds
ExpGds,AllCountries,A,1982,TSI_ItaExpGds_A,Exports of goods; annual,1982,USD,6,211157,,ExpGds
ExpGds,AllCountries,A,1983,TSI_ItaExpGds_A,Exports of goods; annual,1983,USD,6,201799,,ExpGds
ExpGds,AllCountries,A,1984,TSI_ItaExpGds_A,Exports of goods; annual,1984,USD,6,219926,,ExpGds
ExpGds,AllCountries,A,1985,TSI_ItaExpGds_A,Exports of goods; annual,1985,USD,6,215915,,ExpGds
ExpGds,AllCountries,A,1986,TSI_ItaExpGds_A,Exports of goods; annual,1986,USD,6,223344,,ExpGds
ExpGds,AllCountries,A,1987,TSI_ItaExpGds_A,Exports of goods; annual,1987,USD,6,250208,,ExpGds
ExpGds,AllCountries,A,1988,TSI_ItaExpGds_A,Exports of goods; annual,1988,USD,6,320230,,ExpGds
ExpGds,AllCountries,A,1989,TSI_ItaExpGds_A,Exports of goods; annual,1989,USD,6,359916,,ExpGds
ExpGds,AllCountries,A,1990,TSI_ItaExpGds_A,Exports of goods; annual,1990,USD,6,387401,,ExpGds
ExpGds,AllCountries,A,1991,TSI_ItaExpGds_A,Exports of goods; annual,1991,USD,6,414083,,ExpGds
ExpGds,AllCountries,A,1992,TSI_ItaExpGds_A,Exports of goods; annual,1992,USD,6,439631,,ExpGds
ExpGds,AllCountries,A,1993,TSI_ItaExpGds_A,Exports of goods; annual,1993,USD,6,456943,,ExpGds
ExpGds,AllCountries,A,1994,TSI_ItaExpGds_A,Exports of goods; annual,1994,USD,6,502859,,ExpGds
ExpGds,AllCountries,A,1995,TSI_ItaExpGds_A,Exports of goods; annual,1995,USD,6,575204,,ExpGds
ExpGds,AllCountries,A,1996,TSI_ItaExpGds_A,Exports of goods; annual,1996,USD,6,612113,,ExpGds
ExpGds,AllCountries,A,1997,TSI_ItaExpGds_A,Exports of goods; annual,1997,USD,6,678366,,ExpGds
ExpGds,AllCountries,A,1998,TSI_ItaExpGds_A,Exports of goods; annual,1998,USD,6,670416,,ExpGds
ExpGds,AllCountries,A,1999,TSI_ItaExpGds_A,Exports of goods; annual,1999,USD,6,698524,,ExpGds
ExpGds,AllCountries,A,2000,TSI_ItaExpGds_A,Exports of goods; annual,2000,USD,6,784940,,ExpGds
ExpGds,AllCountries,A,2001,TSI_ItaExpGds_A,Exports of goods; annual,2001,USD,6,731331,,ExpGds
ExpGds,AllCountries,A,2002,TSI_ItaExpGds_A,Exports of goods; annual,2002,USD,6,698036,,ExpGds
ExpGds,AllCountries,A,2003,TSI_ItaExpGds_A,Exports of goods; annual,2003,USD,6,730446,,ExpGds
ExpGds,AllCountries,A,2004,TSI_ItaExpGds_A,Exports of goods; annual,2004,USD,6,823584,,ExpGds
ExpGds,AllCountries,A,2005,TSI_ItaExpGds_A,Exports of goods; annual,2005,USD,6,913016,,ExpGds
ExpGds,AllCountries,A,2006,TSI_ItaExpGds_A,Exports of goods; annual,2006,USD,6,1040905,,ExpGds
ExpGds,AllCountries,A,2007,TSI_ItaExpGds_A,Exports of goods; annual,2007,USD,6,1165151,,ExpGds
ExpGds,AllCountries,A,2008,TSI_ItaExpGds_A,Exports of goods; annual,2008,USD,6,1308795,,ExpGds
ExpGds,AllCountries,A,2009,TSI_ItaExpGds_A,Exports of goods; annual,2009,USD,6,1070331,,ExpGds
ExpGds,AllCountries,A,2010,TSI_ItaExpGds_A,Exports of goods; annual,2010,USD,6,1290279,,ExpGds
ExpGds,AllCountries,A,2011,TSI_ItaExpGds_A,Exports of goods; annual,2011,USD,6,1498887,,ExpGds
ExpGds,AllCountries,A,2012,TSI_ItaExpGds_A,Exports of goods; annual,2012,USD,6,1562630,,ExpGds
ExpGds,AllCountries,A,2013,TSI_ItaExpGds_A,Exports of goods; annual,2013,USD,6,1593708,,ExpGds
ExpGds,AllCountries,A,2014,TSI_ItaExpGds_A,Exports of goods; annual,2014,USD,6,1635563,,ExpGds
ExpGds,AllCountries,A,2015,TSI_ItaExpGds_A,Exports of goods; annual,2015,USD,6,1511381,,ExpGds
ExpGds,AllCountries,A,2016,TSI_ItaExpGds_A,Exports of goods; annual,2016,USD,6,1457393,,ExpGds
ExpGds,AllCountries,A,2017,TSI_ItaExpGds_A,Exports of goods; annual,2017,USD,6,1557003,,ExpGds
ExpGds,AllCountries,A,2018,TSI_ItaExpGds_A,Exports of goods; annual,2018,USD,6,1676913,,ExpGds
ExpGds,AllCountries,A,2019,TSI_ItaExpGds_A,Exports of goods; annual,2019,USD,6,1655098,,ExpGds
ExpGds,AllCountries,A,2020,TSI_ItaExpGds_A,Exports of goods; annual,2020,USD,6,1433852,,ExpGds
ExpGds,AllCountries,A,2021,TSI_ItaExpGds_A,Exports of goods; annual,2021,USD,6,1765853,,ExpGds
ExpGds,AllCountries,A,2022,TSI_ItaExpGds_A,Exports of goods; annual,2022,USD,6,2095576,,ExpGds
ExpGds,AllCountries,A,2023,TSI_ItaExpGds_A,Exports of goods; annual,2023,USD,6,2047211,,ExpGds
ExpGds,AllCountries,A,2024,TSI_ItaExpGds_A,Exports of goods; annual,2024,USD,6,2079730,,ExpGds
ExpGds,AllCountries,A,2025,TSI_ItaExpGds_A,Exports of goods; annual,2025,USD,6,2191920,,ExpGds
